<?xml version="1.0"?>
<link_info>
   <banner>MSP430 Linker PC v16.9.6.LTS</banner>
   <copyright>Copyright (c) 2003-2017 Texas Instruments Incorporated</copyright>
   <link_time>0x5aa6ee9d</link_time>
   <link_errors>0x0</link_errors>
   <output_file>SPI_Slave.out</output_file>
   <entry_point>
      <name>_c_int00_noinit_noargs_noexit</name>
      <address>0xf954</address>
   </entry_point>
   <input_file_list>
      <input_file id="fl-2">
         <path>.\</path>
         <kind>object</kind>
         <file>Driver_Motor_IR.obj</file>
         <name>Driver_Motor_IR.obj</name>
      </input_file>
      <input_file id="fl-3">
         <path>.\</path>
         <kind>object</kind>
         <file>Slave(version 1.1).obj</file>
         <name>Slave(version 1.1).obj</name>
      </input_file>
      <input_file id="fl-4">
         <path>.\</path>
         <kind>object</kind>
         <file>init.obj</file>
         <name>init.obj</name>
      </input_file>
      <input_file id="fl-9">
         <kind>object</kind>
         <file>&lt;internal&gt;</file>
         <name>&lt;internal&gt;</name>
      </input_file>
      <input_file id="fl-1f">
         <path>C:\ti\ccsv7\tools\compiler\ti-cgt-msp430_16.9.6.LTS\lib\</path>
         <kind>archive</kind>
         <file>rts430_eabi.lib</file>
         <name>boot.obj</name>
      </input_file>
      <input_file id="fl-20">
         <path>C:\ti\ccsv7\tools\compiler\ti-cgt-msp430_16.9.6.LTS\lib\</path>
         <kind>archive</kind>
         <file>rts430_eabi.lib</file>
         <name>boot_special.obj</name>
      </input_file>
      <input_file id="fl-21">
         <path>C:\ti\ccsv7\tools\compiler\ti-cgt-msp430_16.9.6.LTS\lib\</path>
         <kind>archive</kind>
         <file>rts430_eabi.lib</file>
         <name>copy_decompress_lzss.obj</name>
      </input_file>
      <input_file id="fl-22">
         <path>C:\ti\ccsv7\tools\compiler\ti-cgt-msp430_16.9.6.LTS\lib\</path>
         <kind>archive</kind>
         <file>rts430_eabi.lib</file>
         <name>copy_decompress_none.obj</name>
      </input_file>
      <input_file id="fl-23">
         <path>C:\ti\ccsv7\tools\compiler\ti-cgt-msp430_16.9.6.LTS\lib\</path>
         <kind>archive</kind>
         <file>rts430_eabi.lib</file>
         <name>copy_zero_init.obj</name>
      </input_file>
      <input_file id="fl-24">
         <path>C:\ti\ccsv7\tools\compiler\ti-cgt-msp430_16.9.6.LTS\lib\</path>
         <kind>archive</kind>
         <file>rts430_eabi.lib</file>
         <name>epilog.obj</name>
      </input_file>
      <input_file id="fl-25">
         <path>C:\ti\ccsv7\tools\compiler\ti-cgt-msp430_16.9.6.LTS\lib\</path>
         <kind>archive</kind>
         <file>rts430_eabi.lib</file>
         <name>exit.obj</name>
      </input_file>
      <input_file id="fl-26">
         <path>C:\ti\ccsv7\tools\compiler\ti-cgt-msp430_16.9.6.LTS\lib\</path>
         <kind>archive</kind>
         <file>rts430_eabi.lib</file>
         <name>exit_gvars.obj</name>
      </input_file>
      <input_file id="fl-27">
         <path>C:\ti\ccsv7\tools\compiler\ti-cgt-msp430_16.9.6.LTS\lib\</path>
         <kind>archive</kind>
         <file>rts430_eabi.lib</file>
         <name>int02.obj</name>
      </input_file>
      <input_file id="fl-28">
         <path>C:\ti\ccsv7\tools\compiler\ti-cgt-msp430_16.9.6.LTS\lib\</path>
         <kind>archive</kind>
         <file>rts430_eabi.lib</file>
         <name>int03.obj</name>
      </input_file>
      <input_file id="fl-29">
         <path>C:\ti\ccsv7\tools\compiler\ti-cgt-msp430_16.9.6.LTS\lib\</path>
         <kind>archive</kind>
         <file>rts430_eabi.lib</file>
         <name>int05.obj</name>
      </input_file>
      <input_file id="fl-2a">
         <path>C:\ti\ccsv7\tools\compiler\ti-cgt-msp430_16.9.6.LTS\lib\</path>
         <kind>archive</kind>
         <file>rts430_eabi.lib</file>
         <name>int08.obj</name>
      </input_file>
      <input_file id="fl-2b">
         <path>C:\ti\ccsv7\tools\compiler\ti-cgt-msp430_16.9.6.LTS\lib\</path>
         <kind>archive</kind>
         <file>rts430_eabi.lib</file>
         <name>int09.obj</name>
      </input_file>
      <input_file id="fl-2c">
         <path>C:\ti\ccsv7\tools\compiler\ti-cgt-msp430_16.9.6.LTS\lib\</path>
         <kind>archive</kind>
         <file>rts430_eabi.lib</file>
         <name>int10.obj</name>
      </input_file>
      <input_file id="fl-2d">
         <path>C:\ti\ccsv7\tools\compiler\ti-cgt-msp430_16.9.6.LTS\lib\</path>
         <kind>archive</kind>
         <file>rts430_eabi.lib</file>
         <name>int14.obj</name>
      </input_file>
      <input_file id="fl-2e">
         <path>C:\ti\ccsv7\tools\compiler\ti-cgt-msp430_16.9.6.LTS\lib\</path>
         <kind>archive</kind>
         <file>rts430_eabi.lib</file>
         <name>isr_trap.obj</name>
      </input_file>
      <input_file id="fl-2f">
         <path>C:\ti\ccsv7\tools\compiler\ti-cgt-msp430_16.9.6.LTS\lib\</path>
         <kind>archive</kind>
         <file>rts430_eabi.lib</file>
         <name>lsl16.obj</name>
      </input_file>
      <input_file id="fl-30">
         <path>C:\ti\ccsv7\tools\compiler\ti-cgt-msp430_16.9.6.LTS\lib\</path>
         <kind>archive</kind>
         <file>rts430_eabi.lib</file>
         <name>lsr16.obj</name>
      </input_file>
      <input_file id="fl-31">
         <path>C:\ti\ccsv7\tools\compiler\ti-cgt-msp430_16.9.6.LTS\lib\</path>
         <kind>archive</kind>
         <file>rts430_eabi.lib</file>
         <name>memcpy.obj</name>
      </input_file>
      <input_file id="fl-32">
         <path>C:\ti\ccsv7\tools\compiler\ti-cgt-msp430_16.9.6.LTS\lib\</path>
         <kind>archive</kind>
         <file>rts430_eabi.lib</file>
         <name>mpu_init.obj</name>
      </input_file>
      <input_file id="fl-33">
         <path>C:\ti\ccsv7\tools\compiler\ti-cgt-msp430_16.9.6.LTS\lib\</path>
         <kind>archive</kind>
         <file>rts430_eabi.lib</file>
         <name>pre_init.obj</name>
      </input_file>
      <input_file id="fl-34">
         <path>C:\ti\ccsv7\tools\compiler\ti-cgt-msp430_16.9.6.LTS\lib\</path>
         <kind>archive</kind>
         <file>rts430_eabi.lib</file>
         <name>_lock.obj</name>
      </input_file>
      <input_file id="fl-35">
         <path>C:\ti\ccsv7\tools\compiler\ti-cgt-msp430_16.9.6.LTS\lib\</path>
         <kind>archive</kind>
         <file>rts430_eabi.lib</file>
         <name>args_main.obj</name>
      </input_file>
      <input_file id="fl-36">
         <path>C:\ti\ccsv7\tools\compiler\ti-cgt-msp430_16.9.6.LTS\lib\</path>
         <kind>archive</kind>
         <file>rts430_eabi.lib</file>
         <name>autoinit.obj</name>
      </input_file>
      <input_file id="fl-37">
         <path>C:\ti\ccsv7\tools\compiler\ti-cgt-msp430_16.9.6.LTS\lib\</path>
         <kind>archive</kind>
         <file>rts430_eabi.lib</file>
         <name>cpy_tbl.obj</name>
      </input_file>
      <input_file id="fl-38">
         <path>C:\ti\ccsv7\tools\compiler\ti-cgt-msp430_16.9.6.LTS\lib\</path>
         <kind>archive</kind>
         <file>rts430_eabi.lib</file>
         <name>mult16.obj</name>
      </input_file>
      <input_file id="fl-39">
         <path>C:\ti\ccsv7\tools\compiler\ti-cgt-msp430_16.9.6.LTS\lib\</path>
         <kind>archive</kind>
         <file>rts430_eabi.lib</file>
         <name>startup.obj</name>
      </input_file>
   </input_file_list>
   <object_component_list>
      <object_component id="oc-b7">
         <name>.stack</name>
         <uninitialized>true</uninitialized>
         <run_address>0x24c</run_address>
         <size>0x2</size>
         <input_file_ref idref="fl-1f"/>
      </object_component>
      <object_component id="oc-204">
         <name>.stack</name>
         <uninitialized>true</uninitialized>
         <run_address>0x24c</run_address>
         <size>0x0</size>
      </object_component>
      <object_component id="oc-e7">
         <name>.text:universal_serial_interface</name>
         <load_address>0xf800</load_address>
         <run_address>0xf800</run_address>
         <size>0x88</size>
         <input_file_ref idref="fl-3"/>
      </object_component>
      <object_component id="oc-142">
         <name>.text:Motor_Set_Deg</name>
         <load_address>0xf888</load_address>
         <run_address>0xf888</run_address>
         <size>0x54</size>
         <input_file_ref idref="fl-2"/>
      </object_component>
      <object_component id="oc-114">
         <name>.text:main</name>
         <load_address>0xf8dc</load_address>
         <run_address>0xf8dc</run_address>
         <size>0x30</size>
         <input_file_ref idref="fl-3"/>
      </object_component>
      <object_component id="oc-1b7">
         <name>.text:Motor_PWM_Init</name>
         <load_address>0xf90c</load_address>
         <run_address>0xf90c</run_address>
         <size>0x28</size>
         <input_file_ref idref="fl-2"/>
      </object_component>
      <object_component id="oc-16e">
         <name>.text:SPI_init</name>
         <load_address>0xf934</load_address>
         <run_address>0xf934</run_address>
         <size>0x20</size>
         <input_file_ref idref="fl-3"/>
      </object_component>
      <object_component id="oc-78">
         <name>.text:_c_int00_noinit_noargs_noexit</name>
         <load_address>0xf954</load_address>
         <run_address>0xf954</run_address>
         <size>0x12</size>
         <input_file_ref idref="fl-20"/>
      </object_component>
      <object_component id="oc-174">
         <name>.text:Motor_IR_Init</name>
         <load_address>0xf966</load_address>
         <run_address>0xf966</run_address>
         <size>0xa</size>
         <input_file_ref idref="fl-2"/>
      </object_component>
      <object_component id="oc-17a">
         <name>.text:Motor_Start</name>
         <load_address>0xf970</load_address>
         <run_address>0xf970</run_address>
         <size>0xa</size>
         <input_file_ref idref="fl-2"/>
      </object_component>
      <object_component id="oc-e2">
         <name>.text:_isr:__TI_ISR_TRAP</name>
         <load_address>0xf97a</load_address>
         <run_address>0xf97a</run_address>
         <size>0x8</size>
         <input_file_ref idref="fl-2e"/>
      </object_component>
      <object_component id="oc-11c">
         <name>.text:abort</name>
         <load_address>0xf982</load_address>
         <run_address>0xf982</run_address>
         <size>0x6</size>
         <input_file_ref idref="fl-25"/>
      </object_component>
      <object_component id="oc-f4">
         <name>.text:_system_pre_init</name>
         <load_address>0xf988</load_address>
         <run_address>0xf988</run_address>
         <size>0x4</size>
         <input_file_ref idref="fl-33"/>
      </object_component>
      <object_component id="oc-1ce">
         <name>.binit</name>
         <load_address>0xf800</load_address>
         <run_address>0xf800</run_address>
         <size>0x0</size>
      </object_component>
      <object_component id="oc-3a">
         <name>.int02</name>
         <load_address>0xffe4</load_address>
         <run_address>0xffe4</run_address>
         <size>0x2</size>
         <input_file_ref idref="fl-27"/>
      </object_component>
      <object_component id="oc-3b">
         <name>.int03</name>
         <load_address>0xffe6</load_address>
         <run_address>0xffe6</run_address>
         <size>0x2</size>
         <input_file_ref idref="fl-28"/>
      </object_component>
      <object_component id="oc-3c">
         <name>.int04</name>
         <load_address>0xffe8</load_address>
         <run_address>0xffe8</run_address>
         <size>0x2</size>
         <input_file_ref idref="fl-3"/>
      </object_component>
      <object_component id="oc-3d">
         <name>.int05</name>
         <load_address>0xffea</load_address>
         <run_address>0xffea</run_address>
         <size>0x2</size>
         <input_file_ref idref="fl-29"/>
      </object_component>
      <object_component id="oc-3e">
         <name>.int08</name>
         <load_address>0xfff0</load_address>
         <run_address>0xfff0</run_address>
         <size>0x2</size>
         <input_file_ref idref="fl-2a"/>
      </object_component>
      <object_component id="oc-3f">
         <name>.int09</name>
         <load_address>0xfff2</load_address>
         <run_address>0xfff2</run_address>
         <size>0x2</size>
         <input_file_ref idref="fl-2b"/>
      </object_component>
      <object_component id="oc-40">
         <name>.int10</name>
         <load_address>0xfff4</load_address>
         <run_address>0xfff4</run_address>
         <size>0x2</size>
         <input_file_ref idref="fl-2c"/>
      </object_component>
      <object_component id="oc-41">
         <name>.int14</name>
         <load_address>0xfffc</load_address>
         <run_address>0xfffc</run_address>
         <size>0x2</size>
         <input_file_ref idref="fl-2d"/>
      </object_component>
      <object_component id="oc-ba">
         <name>.reset</name>
         <load_address>0xfffe</load_address>
         <run_address>0xfffe</run_address>
         <size>0x2</size>
         <input_file_ref idref="fl-1f"/>
      </object_component>
      <object_component id="oc-175">
         <name>.debug_info</name>
         <load_address>0x0</load_address>
         <run_address>0x0</run_address>
         <size>0x142</size>
         <input_file_ref idref="fl-2"/>
      </object_component>
      <object_component id="oc-1b8">
         <name>.debug_info</name>
         <load_address>0x142</load_address>
         <run_address>0x142</run_address>
         <size>0x11d</size>
         <input_file_ref idref="fl-2"/>
      </object_component>
      <object_component id="oc-17b">
         <name>.debug_info</name>
         <load_address>0x25f</load_address>
         <run_address>0x25f</run_address>
         <size>0x117</size>
         <input_file_ref idref="fl-2"/>
      </object_component>
      <object_component id="oc-143">
         <name>.debug_info</name>
         <load_address>0x376</load_address>
         <run_address>0x376</run_address>
         <size>0x150</size>
         <input_file_ref idref="fl-2"/>
      </object_component>
      <object_component id="oc-d0">
         <name>.debug_info</name>
         <load_address>0x4c6</load_address>
         <run_address>0x4c6</run_address>
         <size>0x84</size>
         <input_file_ref idref="fl-2"/>
      </object_component>
      <object_component id="oc-117">
         <name>.debug_info</name>
         <load_address>0x54a</load_address>
         <run_address>0x54a</run_address>
         <size>0x159</size>
         <input_file_ref idref="fl-3"/>
      </object_component>
      <object_component id="oc-e8">
         <name>.debug_info</name>
         <load_address>0x6a3</load_address>
         <run_address>0x6a3</run_address>
         <size>0x167</size>
         <input_file_ref idref="fl-3"/>
      </object_component>
      <object_component id="oc-172">
         <name>.debug_info</name>
         <load_address>0x80a</load_address>
         <run_address>0x80a</run_address>
         <size>0x11a</size>
         <input_file_ref idref="fl-3"/>
      </object_component>
      <object_component id="oc-b8">
         <name>.debug_info</name>
         <load_address>0x924</load_address>
         <run_address>0x924</run_address>
         <size>0xf5</size>
         <input_file_ref idref="fl-1f"/>
      </object_component>
      <object_component id="oc-79">
         <name>.debug_info</name>
         <load_address>0xa19</load_address>
         <run_address>0xa19</run_address>
         <size>0x193</size>
         <input_file_ref idref="fl-20"/>
      </object_component>
      <object_component id="oc-11f">
         <name>.debug_info</name>
         <load_address>0xbac</load_address>
         <run_address>0xbac</run_address>
         <size>0x117</size>
         <input_file_ref idref="fl-25"/>
      </object_component>
      <object_component id="oc-e3">
         <name>.debug_info</name>
         <load_address>0xcc3</load_address>
         <run_address>0xcc3</run_address>
         <size>0x107</size>
         <input_file_ref idref="fl-2e"/>
      </object_component>
      <object_component id="oc-f8">
         <name>.debug_info</name>
         <load_address>0xdca</load_address>
         <run_address>0xdca</run_address>
         <size>0x148</size>
         <input_file_ref idref="fl-33"/>
      </object_component>
      <object_component id="oc-205">
         <name>.debug_info</name>
         <load_address>0xf12</load_address>
         <run_address>0xf12</run_address>
         <size>0x98</size>
      </object_component>
      <object_component id="oc-179">
         <name>.debug_line</name>
         <load_address>0x0</load_address>
         <run_address>0x0</run_address>
         <size>0x4c</size>
         <input_file_ref idref="fl-2"/>
      </object_component>
      <object_component id="oc-1bc">
         <name>.debug_line</name>
         <load_address>0x4c</load_address>
         <run_address>0x4c</run_address>
         <size>0x51</size>
         <input_file_ref idref="fl-2"/>
      </object_component>
      <object_component id="oc-17e">
         <name>.debug_line</name>
         <load_address>0x9d</load_address>
         <run_address>0x9d</run_address>
         <size>0x4c</size>
         <input_file_ref idref="fl-2"/>
      </object_component>
      <object_component id="oc-147">
         <name>.debug_line</name>
         <load_address>0xe9</load_address>
         <run_address>0xe9</run_address>
         <size>0x6f</size>
         <input_file_ref idref="fl-2"/>
      </object_component>
      <object_component id="oc-d3">
         <name>.debug_line</name>
         <load_address>0x158</load_address>
         <run_address>0x158</run_address>
         <size>0x20</size>
         <input_file_ref idref="fl-2"/>
      </object_component>
      <object_component id="oc-115">
         <name>.debug_line</name>
         <load_address>0x178</load_address>
         <run_address>0x178</run_address>
         <size>0x56</size>
         <input_file_ref idref="fl-3"/>
      </object_component>
      <object_component id="oc-eb">
         <name>.debug_line</name>
         <load_address>0x1ce</load_address>
         <run_address>0x1ce</run_address>
         <size>0x64</size>
         <input_file_ref idref="fl-3"/>
      </object_component>
      <object_component id="oc-16f">
         <name>.debug_line</name>
         <load_address>0x232</load_address>
         <run_address>0x232</run_address>
         <size>0x55</size>
         <input_file_ref idref="fl-3"/>
      </object_component>
      <object_component id="oc-129">
         <name>.debug_line</name>
         <load_address>0x287</load_address>
         <run_address>0x287</run_address>
         <size>0x2a</size>
         <input_file_ref idref="fl-1f"/>
      </object_component>
      <object_component id="oc-7c">
         <name>.debug_line</name>
         <load_address>0x2b1</load_address>
         <run_address>0x2b1</run_address>
         <size>0x47</size>
         <input_file_ref idref="fl-20"/>
      </object_component>
      <object_component id="oc-11d">
         <name>.debug_line</name>
         <load_address>0x2f8</load_address>
         <run_address>0x2f8</run_address>
         <size>0x3d</size>
         <input_file_ref idref="fl-25"/>
      </object_component>
      <object_component id="oc-e6">
         <name>.debug_line</name>
         <load_address>0x335</load_address>
         <run_address>0x335</run_address>
         <size>0x3d</size>
         <input_file_ref idref="fl-2e"/>
      </object_component>
      <object_component id="oc-f6">
         <name>.debug_line</name>
         <load_address>0x372</load_address>
         <run_address>0x372</run_address>
         <size>0x3e</size>
         <input_file_ref idref="fl-33"/>
      </object_component>
      <object_component id="oc-178">
         <name>.debug_frame</name>
         <load_address>0x0</load_address>
         <run_address>0x0</run_address>
         <size>0x3c</size>
         <input_file_ref idref="fl-2"/>
      </object_component>
      <object_component id="oc-1bb">
         <name>.debug_frame</name>
         <load_address>0x3c</load_address>
         <run_address>0x3c</run_address>
         <size>0x3c</size>
         <input_file_ref idref="fl-2"/>
      </object_component>
      <object_component id="oc-17f">
         <name>.debug_frame</name>
         <load_address>0x78</load_address>
         <run_address>0x78</run_address>
         <size>0x3c</size>
         <input_file_ref idref="fl-2"/>
      </object_component>
      <object_component id="oc-146">
         <name>.debug_frame</name>
         <load_address>0xb4</load_address>
         <run_address>0xb4</run_address>
         <size>0x3c</size>
         <input_file_ref idref="fl-2"/>
      </object_component>
      <object_component id="oc-116">
         <name>.debug_frame</name>
         <load_address>0xf0</load_address>
         <run_address>0xf0</run_address>
         <size>0x3c</size>
         <input_file_ref idref="fl-3"/>
      </object_component>
      <object_component id="oc-ec">
         <name>.debug_frame</name>
         <load_address>0x12c</load_address>
         <run_address>0x12c</run_address>
         <size>0x64</size>
         <input_file_ref idref="fl-3"/>
      </object_component>
      <object_component id="oc-171">
         <name>.debug_frame</name>
         <load_address>0x190</load_address>
         <run_address>0x190</run_address>
         <size>0x3c</size>
         <input_file_ref idref="fl-3"/>
      </object_component>
      <object_component id="oc-7d">
         <name>.debug_frame</name>
         <load_address>0x1cc</load_address>
         <run_address>0x1cc</run_address>
         <size>0x34</size>
         <input_file_ref idref="fl-20"/>
      </object_component>
      <object_component id="oc-11e">
         <name>.debug_frame</name>
         <load_address>0x200</load_address>
         <run_address>0x200</run_address>
         <size>0x3c</size>
         <input_file_ref idref="fl-25"/>
      </object_component>
      <object_component id="oc-f7">
         <name>.debug_frame</name>
         <load_address>0x23c</load_address>
         <run_address>0x23c</run_address>
         <size>0x3c</size>
         <input_file_ref idref="fl-33"/>
      </object_component>
      <object_component id="oc-1bd">
         <name>.debug_abbrev</name>
         <load_address>0x0</load_address>
         <run_address>0x0</run_address>
         <size>0x5e</size>
         <input_file_ref idref="fl-2"/>
      </object_component>
      <object_component id="oc-1cc">
         <name>.debug_abbrev</name>
         <load_address>0x5e</load_address>
         <run_address>0x5e</run_address>
         <size>0x50</size>
         <input_file_ref idref="fl-2"/>
      </object_component>
      <object_component id="oc-1be">
         <name>.debug_abbrev</name>
         <load_address>0xae</load_address>
         <run_address>0xae</run_address>
         <size>0x50</size>
         <input_file_ref idref="fl-2"/>
      </object_component>
      <object_component id="oc-186">
         <name>.debug_abbrev</name>
         <load_address>0xfe</load_address>
         <run_address>0xfe</run_address>
         <size>0x6e</size>
         <input_file_ref idref="fl-2"/>
      </object_component>
      <object_component id="oc-d2">
         <name>.debug_abbrev</name>
         <load_address>0x16c</load_address>
         <run_address>0x16c</run_address>
         <size>0x1f</size>
         <input_file_ref idref="fl-2"/>
      </object_component>
      <object_component id="oc-180">
         <name>.debug_abbrev</name>
         <load_address>0x18b</load_address>
         <run_address>0x18b</run_address>
         <size>0x54</size>
         <input_file_ref idref="fl-3"/>
      </object_component>
      <object_component id="oc-148">
         <name>.debug_abbrev</name>
         <load_address>0x1df</load_address>
         <run_address>0x1df</run_address>
         <size>0x61</size>
         <input_file_ref idref="fl-3"/>
      </object_component>
      <object_component id="oc-1b6">
         <name>.debug_abbrev</name>
         <load_address>0x240</load_address>
         <run_address>0x240</run_address>
         <size>0x50</size>
         <input_file_ref idref="fl-3"/>
      </object_component>
      <object_component id="oc-128">
         <name>.debug_abbrev</name>
         <load_address>0x290</load_address>
         <run_address>0x290</run_address>
         <size>0x29</size>
         <input_file_ref idref="fl-1f"/>
      </object_component>
      <object_component id="oc-126">
         <name>.debug_abbrev</name>
         <load_address>0x2b9</load_address>
         <run_address>0x2b9</run_address>
         <size>0x58</size>
         <input_file_ref idref="fl-20"/>
      </object_component>
      <object_component id="oc-181">
         <name>.debug_abbrev</name>
         <load_address>0x311</load_address>
         <run_address>0x311</run_address>
         <size>0x45</size>
         <input_file_ref idref="fl-25"/>
      </object_component>
      <object_component id="oc-141">
         <name>.debug_abbrev</name>
         <load_address>0x356</load_address>
         <run_address>0x356</run_address>
         <size>0x28</size>
         <input_file_ref idref="fl-2e"/>
      </object_component>
      <object_component id="oc-14b">
         <name>.debug_abbrev</name>
         <load_address>0x37e</load_address>
         <run_address>0x37e</run_address>
         <size>0x55</size>
         <input_file_ref idref="fl-33"/>
      </object_component>
      <object_component id="oc-206">
         <name>.debug_abbrev</name>
         <load_address>0x3d3</load_address>
         <run_address>0x3d3</run_address>
         <size>0xf</size>
      </object_component>
      <object_component id="oc-d4">
         <name>.debug_str</name>
         <load_address>0x0</load_address>
         <run_address>0x0</run_address>
         <size>0xfa</size>
         <input_file_ref idref="fl-2"/>
      </object_component>
      <object_component id="oc-176">
         <name>.debug_aranges</name>
         <load_address>0x0</load_address>
         <run_address>0x0</run_address>
         <size>0x20</size>
         <input_file_ref idref="fl-2"/>
      </object_component>
      <object_component id="oc-1b9">
         <name>.debug_aranges</name>
         <load_address>0x20</load_address>
         <run_address>0x20</run_address>
         <size>0x20</size>
         <input_file_ref idref="fl-2"/>
      </object_component>
      <object_component id="oc-17c">
         <name>.debug_aranges</name>
         <load_address>0x40</load_address>
         <run_address>0x40</run_address>
         <size>0x20</size>
         <input_file_ref idref="fl-2"/>
      </object_component>
      <object_component id="oc-144">
         <name>.debug_aranges</name>
         <load_address>0x60</load_address>
         <run_address>0x60</run_address>
         <size>0x20</size>
         <input_file_ref idref="fl-2"/>
      </object_component>
      <object_component id="oc-119">
         <name>.debug_aranges</name>
         <load_address>0x80</load_address>
         <run_address>0x80</run_address>
         <size>0x20</size>
         <input_file_ref idref="fl-3"/>
      </object_component>
      <object_component id="oc-ea">
         <name>.debug_aranges</name>
         <load_address>0xa0</load_address>
         <run_address>0xa0</run_address>
         <size>0x20</size>
         <input_file_ref idref="fl-3"/>
      </object_component>
      <object_component id="oc-170">
         <name>.debug_aranges</name>
         <load_address>0xc0</load_address>
         <run_address>0xc0</run_address>
         <size>0x20</size>
         <input_file_ref idref="fl-3"/>
      </object_component>
      <object_component id="oc-7a">
         <name>.debug_aranges</name>
         <load_address>0xe0</load_address>
         <run_address>0xe0</run_address>
         <size>0x20</size>
         <input_file_ref idref="fl-20"/>
      </object_component>
      <object_component id="oc-121">
         <name>.debug_aranges</name>
         <load_address>0x100</load_address>
         <run_address>0x100</run_address>
         <size>0x20</size>
         <input_file_ref idref="fl-25"/>
      </object_component>
      <object_component id="oc-e5">
         <name>.debug_aranges</name>
         <load_address>0x120</load_address>
         <run_address>0x120</run_address>
         <size>0x20</size>
         <input_file_ref idref="fl-2e"/>
      </object_component>
      <object_component id="oc-f5">
         <name>.debug_aranges</name>
         <load_address>0x140</load_address>
         <run_address>0x140</run_address>
         <size>0x20</size>
         <input_file_ref idref="fl-33"/>
      </object_component>
      <object_component id="oc-177">
         <name>.debug_pubnames</name>
         <load_address>0x0</load_address>
         <run_address>0x0</run_address>
         <size>0x24</size>
         <input_file_ref idref="fl-2"/>
      </object_component>
      <object_component id="oc-1ba">
         <name>.debug_pubnames</name>
         <load_address>0x24</load_address>
         <run_address>0x24</run_address>
         <size>0x25</size>
         <input_file_ref idref="fl-2"/>
      </object_component>
      <object_component id="oc-17d">
         <name>.debug_pubnames</name>
         <load_address>0x49</load_address>
         <run_address>0x49</run_address>
         <size>0x22</size>
         <input_file_ref idref="fl-2"/>
      </object_component>
      <object_component id="oc-145">
         <name>.debug_pubnames</name>
         <load_address>0x6b</load_address>
         <run_address>0x6b</run_address>
         <size>0x24</size>
         <input_file_ref idref="fl-2"/>
      </object_component>
      <object_component id="oc-118">
         <name>.debug_pubnames</name>
         <load_address>0x8f</load_address>
         <run_address>0x8f</run_address>
         <size>0x1b</size>
         <input_file_ref idref="fl-3"/>
      </object_component>
      <object_component id="oc-e9">
         <name>.debug_pubnames</name>
         <load_address>0xaa</load_address>
         <run_address>0xaa</run_address>
         <size>0x31</size>
         <input_file_ref idref="fl-3"/>
      </object_component>
      <object_component id="oc-173">
         <name>.debug_pubnames</name>
         <load_address>0xdb</load_address>
         <run_address>0xdb</run_address>
         <size>0x1f</size>
         <input_file_ref idref="fl-3"/>
      </object_component>
      <object_component id="oc-b9">
         <name>.debug_pubnames</name>
         <load_address>0xfa</load_address>
         <run_address>0xfa</run_address>
         <size>0x1d</size>
         <input_file_ref idref="fl-1f"/>
      </object_component>
      <object_component id="oc-7b">
         <name>.debug_pubnames</name>
         <load_address>0x117</load_address>
         <run_address>0x117</run_address>
         <size>0x34</size>
         <input_file_ref idref="fl-20"/>
      </object_component>
      <object_component id="oc-120">
         <name>.debug_pubnames</name>
         <load_address>0x14b</load_address>
         <run_address>0x14b</run_address>
         <size>0x1c</size>
         <input_file_ref idref="fl-25"/>
      </object_component>
      <object_component id="oc-e4">
         <name>.debug_pubnames</name>
         <load_address>0x167</load_address>
         <run_address>0x167</run_address>
         <size>0x2b</size>
         <input_file_ref idref="fl-2e"/>
      </object_component>
      <object_component id="oc-f9">
         <name>.debug_pubnames</name>
         <load_address>0x192</load_address>
         <run_address>0x192</run_address>
         <size>0x27</size>
         <input_file_ref idref="fl-33"/>
      </object_component>
      <object_component id="oc-d1">
         <name>.debug_pubtypes</name>
         <load_address>0x0</load_address>
         <run_address>0x0</run_address>
         <size>0xed</size>
         <input_file_ref idref="fl-2"/>
      </object_component>
   </object_component_list>
   <logical_group_list>
      <logical_group id="lg-2" display="no" color="cyan">
         <name>.bss</name>
         <run_address>0x0</run_address>
         <size>0x0</size>
         <contents>
         </contents>
      </logical_group>
      <logical_group id="lg-3" display="no" color="cyan">
         <name>.data</name>
         <run_address>0x0</run_address>
         <size>0x0</size>
         <contents>
         </contents>
      </logical_group>
      <logical_group id="lg-4" display="no" color="cyan">
         <name>.TI.noinit</name>
         <run_address>0x0</run_address>
         <size>0x0</size>
         <contents>
         </contents>
      </logical_group>
      <logical_group id="lg-5" display="no" color="cyan">
         <name>.sysmem</name>
         <run_address>0x0</run_address>
         <size>0x0</size>
         <contents>
         </contents>
      </logical_group>
      <logical_group id="lg-6" display="no" color="cyan">
         <name>.stack</name>
         <run_address>0x24c</run_address>
         <size>0x32</size>
         <contents>
            <object_component_ref idref="oc-b7"/>
            <object_component_ref idref="oc-204"/>
         </contents>
      </logical_group>
      <logical_group id="lg-7" display="no" color="cyan">
         <name>.text</name>
         <load_address>0xf800</load_address>
         <run_address>0xf800</run_address>
         <size>0x18c</size>
         <contents>
            <object_component_ref idref="oc-e7"/>
            <object_component_ref idref="oc-142"/>
            <object_component_ref idref="oc-114"/>
            <object_component_ref idref="oc-1b7"/>
            <object_component_ref idref="oc-16e"/>
            <object_component_ref idref="oc-78"/>
            <object_component_ref idref="oc-174"/>
            <object_component_ref idref="oc-17a"/>
            <object_component_ref idref="oc-e2"/>
            <object_component_ref idref="oc-11c"/>
            <object_component_ref idref="oc-f4"/>
         </contents>
      </logical_group>
      <logical_group id="lg-8" display="no" color="cyan">
         <name>.cinit</name>
         <run_address>0x0</run_address>
         <size>0x0</size>
         <contents>
         </contents>
      </logical_group>
      <logical_group id="lg-9" display="no" color="cyan">
         <name>.const</name>
         <run_address>0x0</run_address>
         <size>0x0</size>
         <contents>
         </contents>
      </logical_group>
      <logical_group id="lg-a" display="no" color="cyan">
         <name>.cio</name>
         <run_address>0x0</run_address>
         <size>0x0</size>
         <contents>
         </contents>
      </logical_group>
      <logical_group id="lg-b" display="no" color="cyan">
         <name>.pinit</name>
         <run_address>0x0</run_address>
         <size>0x0</size>
         <contents>
         </contents>
      </logical_group>
      <logical_group id="lg-c" display="no" color="cyan">
         <name>.binit</name>
         <load_address>0xf800</load_address>
         <run_address>0xf800</run_address>
         <size>0x0</size>
         <contents>
            <object_component_ref idref="oc-1ce"/>
         </contents>
      </logical_group>
      <logical_group id="lg-d" display="no" color="cyan">
         <name>.init_array</name>
         <run_address>0x0</run_address>
         <size>0x0</size>
         <contents>
         </contents>
      </logical_group>
      <logical_group id="lg-e" display="no" color="cyan">
         <name>.mspabi.exidx</name>
         <run_address>0x0</run_address>
         <size>0x0</size>
         <contents>
         </contents>
      </logical_group>
      <logical_group id="lg-f" display="no" color="cyan">
         <name>.mspabi.extab</name>
         <run_address>0x0</run_address>
         <size>0x0</size>
         <contents>
         </contents>
      </logical_group>
      <logical_group id="lg-10" display="no" color="cyan">
         <name>.TI.ramfunc</name>
         <run_address>0x0</run_address>
         <size>0x0</size>
         <contents>
         </contents>
      </logical_group>
      <logical_group id="lg-11" display="no" color="cyan">
         <name>.infoA</name>
         <run_address>0x0</run_address>
         <size>0x0</size>
         <contents>
         </contents>
      </logical_group>
      <logical_group id="lg-12" display="no" color="cyan">
         <name>.infoB</name>
         <run_address>0x0</run_address>
         <size>0x0</size>
         <contents>
         </contents>
      </logical_group>
      <logical_group id="lg-13" display="no" color="cyan">
         <name>.infoC</name>
         <run_address>0x0</run_address>
         <size>0x0</size>
         <contents>
         </contents>
      </logical_group>
      <logical_group id="lg-14" display="no" color="cyan">
         <name>.infoD</name>
         <run_address>0x0</run_address>
         <size>0x0</size>
         <contents>
         </contents>
      </logical_group>
      <logical_group id="lg-15" display="no" color="cyan">
         <name>.int00</name>
         <run_address>0x0</run_address>
         <size>0x0</size>
         <contents>
         </contents>
      </logical_group>
      <logical_group id="lg-16" display="no" color="cyan">
         <name>.int01</name>
         <run_address>0x0</run_address>
         <size>0x0</size>
         <contents>
         </contents>
      </logical_group>
      <logical_group id="lg-17" display="no" color="cyan">
         <name>PORT1</name>
         <load_address>0xffe4</load_address>
         <run_address>0xffe4</run_address>
         <size>0x2</size>
         <contents>
            <object_component_ref idref="oc-3a"/>
         </contents>
      </logical_group>
      <logical_group id="lg-19" display="no" color="cyan">
         <name>PORT2</name>
         <load_address>0xffe6</load_address>
         <run_address>0xffe6</run_address>
         <size>0x2</size>
         <contents>
            <object_component_ref idref="oc-3b"/>
         </contents>
      </logical_group>
      <logical_group id="lg-1b" display="no" color="cyan">
         <name>USI</name>
         <load_address>0xffe8</load_address>
         <run_address>0xffe8</run_address>
         <size>0x2</size>
         <contents>
            <object_component_ref idref="oc-3c"/>
         </contents>
      </logical_group>
      <logical_group id="lg-1d" display="no" color="cyan">
         <name>ADC10</name>
         <load_address>0xffea</load_address>
         <run_address>0xffea</run_address>
         <size>0x2</size>
         <contents>
            <object_component_ref idref="oc-3d"/>
         </contents>
      </logical_group>
      <logical_group id="lg-1f" display="no" color="cyan">
         <name>.int06</name>
         <run_address>0x0</run_address>
         <size>0x0</size>
         <contents>
         </contents>
      </logical_group>
      <logical_group id="lg-20" display="no" color="cyan">
         <name>.int07</name>
         <run_address>0x0</run_address>
         <size>0x0</size>
         <contents>
         </contents>
      </logical_group>
      <logical_group id="lg-21" display="no" color="cyan">
         <name>TIMERA1</name>
         <load_address>0xfff0</load_address>
         <run_address>0xfff0</run_address>
         <size>0x2</size>
         <contents>
            <object_component_ref idref="oc-3e"/>
         </contents>
      </logical_group>
      <logical_group id="lg-23" display="no" color="cyan">
         <name>TIMERA0</name>
         <load_address>0xfff2</load_address>
         <run_address>0xfff2</run_address>
         <size>0x2</size>
         <contents>
            <object_component_ref idref="oc-3f"/>
         </contents>
      </logical_group>
      <logical_group id="lg-25" display="no" color="cyan">
         <name>WDT</name>
         <load_address>0xfff4</load_address>
         <run_address>0xfff4</run_address>
         <size>0x2</size>
         <contents>
            <object_component_ref idref="oc-40"/>
         </contents>
      </logical_group>
      <logical_group id="lg-27" display="no" color="cyan">
         <name>.int11</name>
         <run_address>0x0</run_address>
         <size>0x0</size>
         <contents>
         </contents>
      </logical_group>
      <logical_group id="lg-28" display="no" color="cyan">
         <name>.int12</name>
         <run_address>0x0</run_address>
         <size>0x0</size>
         <contents>
         </contents>
      </logical_group>
      <logical_group id="lg-29" display="no" color="cyan">
         <name>.int13</name>
         <run_address>0x0</run_address>
         <size>0x0</size>
         <contents>
         </contents>
      </logical_group>
      <logical_group id="lg-2a" display="no" color="cyan">
         <name>NMI</name>
         <load_address>0xfffc</load_address>
         <run_address>0xfffc</run_address>
         <size>0x2</size>
         <contents>
            <object_component_ref idref="oc-41"/>
         </contents>
      </logical_group>
      <logical_group id="lg-2c" display="no" color="cyan">
         <name>.reset</name>
         <load_address>0xfffe</load_address>
         <run_address>0xfffe</run_address>
         <size>0x2</size>
         <contents>
            <object_component_ref idref="oc-ba"/>
         </contents>
      </logical_group>
      <logical_group id="lg-1cd" display="no" color="cyan">
         <name>.TI.persistent</name>
         <run_address>0x0</run_address>
         <size>0x0</size>
         <contents>
         </contents>
      </logical_group>
      <logical_group id="lg-1f3" display="never" color="cyan">
         <name>.debug_info</name>
         <load_address>0x0</load_address>
         <run_address>0x0</run_address>
         <size>0xfaa</size>
         <contents>
            <object_component_ref idref="oc-175"/>
            <object_component_ref idref="oc-1b8"/>
            <object_component_ref idref="oc-17b"/>
            <object_component_ref idref="oc-143"/>
            <object_component_ref idref="oc-d0"/>
            <object_component_ref idref="oc-117"/>
            <object_component_ref idref="oc-e8"/>
            <object_component_ref idref="oc-172"/>
            <object_component_ref idref="oc-b8"/>
            <object_component_ref idref="oc-79"/>
            <object_component_ref idref="oc-11f"/>
            <object_component_ref idref="oc-e3"/>
            <object_component_ref idref="oc-f8"/>
            <object_component_ref idref="oc-205"/>
         </contents>
      </logical_group>
      <logical_group id="lg-1f5" display="never" color="cyan">
         <name>.debug_line</name>
         <load_address>0x0</load_address>
         <run_address>0x0</run_address>
         <size>0x3b0</size>
         <contents>
            <object_component_ref idref="oc-179"/>
            <object_component_ref idref="oc-1bc"/>
            <object_component_ref idref="oc-17e"/>
            <object_component_ref idref="oc-147"/>
            <object_component_ref idref="oc-d3"/>
            <object_component_ref idref="oc-115"/>
            <object_component_ref idref="oc-eb"/>
            <object_component_ref idref="oc-16f"/>
            <object_component_ref idref="oc-129"/>
            <object_component_ref idref="oc-7c"/>
            <object_component_ref idref="oc-11d"/>
            <object_component_ref idref="oc-e6"/>
            <object_component_ref idref="oc-f6"/>
         </contents>
      </logical_group>
      <logical_group id="lg-1f7" display="never" color="cyan">
         <name>.debug_frame</name>
         <load_address>0x0</load_address>
         <run_address>0x0</run_address>
         <size>0x278</size>
         <contents>
            <object_component_ref idref="oc-178"/>
            <object_component_ref idref="oc-1bb"/>
            <object_component_ref idref="oc-17f"/>
            <object_component_ref idref="oc-146"/>
            <object_component_ref idref="oc-116"/>
            <object_component_ref idref="oc-ec"/>
            <object_component_ref idref="oc-171"/>
            <object_component_ref idref="oc-7d"/>
            <object_component_ref idref="oc-11e"/>
            <object_component_ref idref="oc-f7"/>
         </contents>
      </logical_group>
      <logical_group id="lg-1f9" display="never" color="cyan">
         <name>.debug_abbrev</name>
         <load_address>0x0</load_address>
         <run_address>0x0</run_address>
         <size>0x3e2</size>
         <contents>
            <object_component_ref idref="oc-1bd"/>
            <object_component_ref idref="oc-1cc"/>
            <object_component_ref idref="oc-1be"/>
            <object_component_ref idref="oc-186"/>
            <object_component_ref idref="oc-d2"/>
            <object_component_ref idref="oc-180"/>
            <object_component_ref idref="oc-148"/>
            <object_component_ref idref="oc-1b6"/>
            <object_component_ref idref="oc-128"/>
            <object_component_ref idref="oc-126"/>
            <object_component_ref idref="oc-181"/>
            <object_component_ref idref="oc-141"/>
            <object_component_ref idref="oc-14b"/>
            <object_component_ref idref="oc-206"/>
         </contents>
      </logical_group>
      <logical_group id="lg-1fb" display="never" color="cyan">
         <name>.debug_str</name>
         <load_address>0x0</load_address>
         <run_address>0x0</run_address>
         <size>0xfa</size>
         <contents>
            <object_component_ref idref="oc-d4"/>
         </contents>
      </logical_group>
      <logical_group id="lg-1fd" display="never" color="cyan">
         <name>.debug_aranges</name>
         <load_address>0x0</load_address>
         <run_address>0x0</run_address>
         <size>0x160</size>
         <contents>
            <object_component_ref idref="oc-176"/>
            <object_component_ref idref="oc-1b9"/>
            <object_component_ref idref="oc-17c"/>
            <object_component_ref idref="oc-144"/>
            <object_component_ref idref="oc-119"/>
            <object_component_ref idref="oc-ea"/>
            <object_component_ref idref="oc-170"/>
            <object_component_ref idref="oc-7a"/>
            <object_component_ref idref="oc-121"/>
            <object_component_ref idref="oc-e5"/>
            <object_component_ref idref="oc-f5"/>
         </contents>
      </logical_group>
      <logical_group id="lg-1ff" display="never" color="cyan">
         <name>.debug_pubnames</name>
         <load_address>0x0</load_address>
         <run_address>0x0</run_address>
         <size>0x1b9</size>
         <contents>
            <object_component_ref idref="oc-177"/>
            <object_component_ref idref="oc-1ba"/>
            <object_component_ref idref="oc-17d"/>
            <object_component_ref idref="oc-145"/>
            <object_component_ref idref="oc-118"/>
            <object_component_ref idref="oc-e9"/>
            <object_component_ref idref="oc-173"/>
            <object_component_ref idref="oc-b9"/>
            <object_component_ref idref="oc-7b"/>
            <object_component_ref idref="oc-120"/>
            <object_component_ref idref="oc-e4"/>
            <object_component_ref idref="oc-f9"/>
         </contents>
      </logical_group>
      <logical_group id="lg-201" display="never" color="cyan">
         <name>.debug_pubtypes</name>
         <load_address>0x0</load_address>
         <run_address>0x0</run_address>
         <size>0xed</size>
         <contents>
            <object_component_ref idref="oc-d1"/>
         </contents>
      </logical_group>
      <load_segment id="lg-207" display="no" color="cyan">
         <name>SEGMENT_0</name>
         <run_address>0x24c</run_address>
         <size>0x32</size>
         <flags>0x6</flags>
         <contents>
            <logical_group_ref idref="lg-6"/>
         </contents>
      </load_segment>
      <load_segment id="lg-208" display="no" color="cyan">
         <name>SEGMENT_1</name>
         <load_address>0xf800</load_address>
         <run_address>0xf800</run_address>
         <size>0x18c</size>
         <flags>0x5</flags>
         <contents>
            <logical_group_ref idref="lg-7"/>
         </contents>
      </load_segment>
      <load_segment id="lg-209" display="no" color="cyan">
         <name>SEGMENT_2</name>
         <load_address>0xffe4</load_address>
         <run_address>0xffe4</run_address>
         <size>0x8</size>
         <flags>0x4</flags>
         <contents>
            <logical_group_ref idref="lg-17"/>
            <logical_group_ref idref="lg-19"/>
            <logical_group_ref idref="lg-1b"/>
            <logical_group_ref idref="lg-1d"/>
         </contents>
      </load_segment>
      <load_segment id="lg-20a" display="no" color="cyan">
         <name>SEGMENT_3</name>
         <load_address>0xfff0</load_address>
         <run_address>0xfff0</run_address>
         <size>0x6</size>
         <flags>0x4</flags>
         <contents>
            <logical_group_ref idref="lg-21"/>
            <logical_group_ref idref="lg-23"/>
            <logical_group_ref idref="lg-25"/>
         </contents>
      </load_segment>
      <load_segment id="lg-20b" display="no" color="cyan">
         <name>SEGMENT_4</name>
         <load_address>0xfffc</load_address>
         <run_address>0xfffc</run_address>
         <size>0x4</size>
         <flags>0x4</flags>
         <contents>
            <logical_group_ref idref="lg-2a"/>
            <logical_group_ref idref="lg-2c"/>
         </contents>
      </load_segment>
   </logical_group_list>
   <placement_map>
      <memory_area display="no" color="green">
         <name>SFR</name>
         <page_id>0x0</page_id>
         <origin>0x0</origin>
         <length>0x10</length>
         <used_space>0x0</used_space>
         <unused_space>0x10</unused_space>
         <attributes>RWIX</attributes>
         <usage_details>
         </usage_details>
      </memory_area>
      <memory_area display="yes" color="green">
         <name>PERIPHERALS_8BIT</name>
         <page_id>0x0</page_id>
         <origin>0x10</origin>
         <length>0xf0</length>
         <used_space>0x0</used_space>
         <unused_space>0xf0</unused_space>
         <attributes>RWIX</attributes>
         <usage_details>
         </usage_details>
      </memory_area>
      <memory_area display="yes" color="green">
         <name>PERIPHERALS_16BIT</name>
         <page_id>0x0</page_id>
         <origin>0x100</origin>
         <length>0x100</length>
         <used_space>0x0</used_space>
         <unused_space>0x100</unused_space>
         <attributes>RWIX</attributes>
         <usage_details>
         </usage_details>
      </memory_area>
      <memory_area display="yes" color="green">
         <name>RAM</name>
         <page_id>0x0</page_id>
         <origin>0x200</origin>
         <length>0x80</length>
         <used_space>0x32</used_space>
         <unused_space>0x4e</unused_space>
         <attributes>RWIX</attributes>
         <usage_details>
            <available_space>
               <start_address>0x200</start_address>
               <size>0x4c</size>
            </available_space>
            <allocated_space>
               <start_address>0x24c</start_address>
               <size>0x32</size>
               <logical_group_ref idref="lg-6"/>
            </allocated_space>
            <available_space>
               <start_address>0x27e</start_address>
               <size>0x2</size>
            </available_space>
         </usage_details>
      </memory_area>
      <memory_area display="no" color="green">
         <name>INFOD</name>
         <page_id>0x0</page_id>
         <origin>0x1000</origin>
         <length>0x40</length>
         <used_space>0x0</used_space>
         <unused_space>0x40</unused_space>
         <attributes>RWIX</attributes>
         <usage_details>
         </usage_details>
      </memory_area>
      <memory_area display="no" color="green">
         <name>INFOC</name>
         <page_id>0x0</page_id>
         <origin>0x1040</origin>
         <length>0x40</length>
         <used_space>0x0</used_space>
         <unused_space>0x40</unused_space>
         <attributes>RWIX</attributes>
         <usage_details>
         </usage_details>
      </memory_area>
      <memory_area display="no" color="green">
         <name>INFOB</name>
         <page_id>0x0</page_id>
         <origin>0x1080</origin>
         <length>0x40</length>
         <used_space>0x0</used_space>
         <unused_space>0x40</unused_space>
         <attributes>RWIX</attributes>
         <usage_details>
         </usage_details>
      </memory_area>
      <memory_area display="no" color="green">
         <name>INFOA</name>
         <page_id>0x0</page_id>
         <origin>0x10c0</origin>
         <length>0x40</length>
         <used_space>0x0</used_space>
         <unused_space>0x40</unused_space>
         <attributes>RWIX</attributes>
         <usage_details>
         </usage_details>
      </memory_area>
      <memory_area display="yes" color="green">
         <name>FLASH</name>
         <page_id>0x0</page_id>
         <origin>0xf800</origin>
         <length>0x7e0</length>
         <used_space>0x18c</used_space>
         <unused_space>0x654</unused_space>
         <attributes>RWIX</attributes>
         <usage_details>
            <allocated_space>
               <start_address>0xf800</start_address>
               <size>0x0</size>
               <logical_group_ref idref="lg-c"/>
            </allocated_space>
            <allocated_space>
               <start_address>0xf800</start_address>
               <size>0x18c</size>
               <logical_group_ref idref="lg-7"/>
            </allocated_space>
            <available_space>
               <start_address>0xf98c</start_address>
               <size>0x654</size>
            </available_space>
         </usage_details>
      </memory_area>
      <memory_area display="no" color="green">
         <name>INT00</name>
         <page_id>0x0</page_id>
         <origin>0xffe0</origin>
         <length>0x2</length>
         <used_space>0x0</used_space>
         <unused_space>0x2</unused_space>
         <attributes>RWIX</attributes>
         <usage_details>
         </usage_details>
      </memory_area>
      <memory_area display="no" color="green">
         <name>INT01</name>
         <page_id>0x0</page_id>
         <origin>0xffe2</origin>
         <length>0x2</length>
         <used_space>0x0</used_space>
         <unused_space>0x2</unused_space>
         <attributes>RWIX</attributes>
         <usage_details>
         </usage_details>
      </memory_area>
      <memory_area display="no" color="green">
         <name>INT02</name>
         <page_id>0x0</page_id>
         <origin>0xffe4</origin>
         <length>0x2</length>
         <used_space>0x2</used_space>
         <unused_space>0x0</unused_space>
         <attributes>RWIX</attributes>
         <usage_details>
            <allocated_space>
               <start_address>0xffe4</start_address>
               <size>0x2</size>
               <logical_group_ref idref="lg-17"/>
            </allocated_space>
         </usage_details>
      </memory_area>
      <memory_area display="no" color="green">
         <name>INT03</name>
         <page_id>0x0</page_id>
         <origin>0xffe6</origin>
         <length>0x2</length>
         <used_space>0x2</used_space>
         <unused_space>0x0</unused_space>
         <attributes>RWIX</attributes>
         <usage_details>
            <allocated_space>
               <start_address>0xffe6</start_address>
               <size>0x2</size>
               <logical_group_ref idref="lg-19"/>
            </allocated_space>
         </usage_details>
      </memory_area>
      <memory_area display="no" color="green">
         <name>INT04</name>
         <page_id>0x0</page_id>
         <origin>0xffe8</origin>
         <length>0x2</length>
         <used_space>0x2</used_space>
         <unused_space>0x0</unused_space>
         <attributes>RWIX</attributes>
         <usage_details>
            <allocated_space>
               <start_address>0xffe8</start_address>
               <size>0x2</size>
               <logical_group_ref idref="lg-1b"/>
            </allocated_space>
         </usage_details>
      </memory_area>
      <memory_area display="no" color="green">
         <name>INT05</name>
         <page_id>0x0</page_id>
         <origin>0xffea</origin>
         <length>0x2</length>
         <used_space>0x2</used_space>
         <unused_space>0x0</unused_space>
         <attributes>RWIX</attributes>
         <usage_details>
            <allocated_space>
               <start_address>0xffea</start_address>
               <size>0x2</size>
               <logical_group_ref idref="lg-1d"/>
            </allocated_space>
         </usage_details>
      </memory_area>
      <memory_area display="no" color="green">
         <name>INT06</name>
         <page_id>0x0</page_id>
         <origin>0xffec</origin>
         <length>0x2</length>
         <used_space>0x0</used_space>
         <unused_space>0x2</unused_space>
         <attributes>RWIX</attributes>
         <usage_details>
         </usage_details>
      </memory_area>
      <memory_area display="no" color="green">
         <name>INT07</name>
         <page_id>0x0</page_id>
         <origin>0xffee</origin>
         <length>0x2</length>
         <used_space>0x0</used_space>
         <unused_space>0x2</unused_space>
         <attributes>RWIX</attributes>
         <usage_details>
         </usage_details>
      </memory_area>
      <memory_area display="no" color="green">
         <name>INT08</name>
         <page_id>0x0</page_id>
         <origin>0xfff0</origin>
         <length>0x2</length>
         <used_space>0x2</used_space>
         <unused_space>0x0</unused_space>
         <attributes>RWIX</attributes>
         <usage_details>
            <allocated_space>
               <start_address>0xfff0</start_address>
               <size>0x2</size>
               <logical_group_ref idref="lg-21"/>
            </allocated_space>
         </usage_details>
      </memory_area>
      <memory_area display="no" color="green">
         <name>INT09</name>
         <page_id>0x0</page_id>
         <origin>0xfff2</origin>
         <length>0x2</length>
         <used_space>0x2</used_space>
         <unused_space>0x0</unused_space>
         <attributes>RWIX</attributes>
         <usage_details>
            <allocated_space>
               <start_address>0xfff2</start_address>
               <size>0x2</size>
               <logical_group_ref idref="lg-23"/>
            </allocated_space>
         </usage_details>
      </memory_area>
      <memory_area display="no" color="green">
         <name>INT10</name>
         <page_id>0x0</page_id>
         <origin>0xfff4</origin>
         <length>0x2</length>
         <used_space>0x2</used_space>
         <unused_space>0x0</unused_space>
         <attributes>RWIX</attributes>
         <usage_details>
            <allocated_space>
               <start_address>0xfff4</start_address>
               <size>0x2</size>
               <logical_group_ref idref="lg-25"/>
            </allocated_space>
         </usage_details>
      </memory_area>
      <memory_area display="no" color="green">
         <name>INT11</name>
         <page_id>0x0</page_id>
         <origin>0xfff6</origin>
         <length>0x2</length>
         <used_space>0x0</used_space>
         <unused_space>0x2</unused_space>
         <attributes>RWIX</attributes>
         <usage_details>
         </usage_details>
      </memory_area>
      <memory_area display="no" color="green">
         <name>INT12</name>
         <page_id>0x0</page_id>
         <origin>0xfff8</origin>
         <length>0x2</length>
         <used_space>0x0</used_space>
         <unused_space>0x2</unused_space>
         <attributes>RWIX</attributes>
         <usage_details>
         </usage_details>
      </memory_area>
      <memory_area display="no" color="green">
         <name>INT13</name>
         <page_id>0x0</page_id>
         <origin>0xfffa</origin>
         <length>0x2</length>
         <used_space>0x0</used_space>
         <unused_space>0x2</unused_space>
         <attributes>RWIX</attributes>
         <usage_details>
         </usage_details>
      </memory_area>
      <memory_area display="no" color="green">
         <name>INT14</name>
         <page_id>0x0</page_id>
         <origin>0xfffc</origin>
         <length>0x2</length>
         <used_space>0x2</used_space>
         <unused_space>0x0</unused_space>
         <attributes>RWIX</attributes>
         <usage_details>
            <allocated_space>
               <start_address>0xfffc</start_address>
               <size>0x2</size>
               <logical_group_ref idref="lg-2a"/>
            </allocated_space>
         </usage_details>
      </memory_area>
      <memory_area display="no" color="green">
         <name>RESET</name>
         <page_id>0x0</page_id>
         <origin>0xfffe</origin>
         <length>0x2</length>
         <used_space>0x2</used_space>
         <unused_space>0x0</unused_space>
         <attributes>RWIX</attributes>
         <usage_details>
            <allocated_space>
               <start_address>0xfffe</start_address>
               <size>0x2</size>
               <logical_group_ref idref="lg-2c"/>
            </allocated_space>
         </usage_details>
      </memory_area>
   </placement_map>
   <symbol_table>
      <symbol id="sm-1">
         <name>IE1</name>
         <value>0x0</value>
      </symbol>
      <symbol id="sm-2">
         <name>IFG1</name>
         <value>0x2</value>
      </symbol>
      <symbol id="sm-3">
         <name>ADC10DTC0</name>
         <value>0x48</value>
      </symbol>
      <symbol id="sm-4">
         <name>ADC10DTC1</name>
         <value>0x49</value>
      </symbol>
      <symbol id="sm-5">
         <name>ADC10AE0</name>
         <value>0x4a</value>
      </symbol>
      <symbol id="sm-6">
         <name>ADC10CTL0</name>
         <value>0x1b0</value>
      </symbol>
      <symbol id="sm-7">
         <name>ADC10CTL1</name>
         <value>0x1b2</value>
      </symbol>
      <symbol id="sm-8">
         <name>ADC10MEM</name>
         <value>0x1b4</value>
      </symbol>
      <symbol id="sm-9">
         <name>ADC10SA</name>
         <value>0x1bc</value>
      </symbol>
      <symbol id="sm-a">
         <name>DCOCTL</name>
         <value>0x56</value>
      </symbol>
      <symbol id="sm-b">
         <name>BCSCTL1</name>
         <value>0x57</value>
      </symbol>
      <symbol id="sm-c">
         <name>BCSCTL2</name>
         <value>0x58</value>
      </symbol>
      <symbol id="sm-d">
         <name>BCSCTL3</name>
         <value>0x53</value>
      </symbol>
      <symbol id="sm-e">
         <name>FCTL1</name>
         <value>0x128</value>
      </symbol>
      <symbol id="sm-f">
         <name>FCTL2</name>
         <value>0x12a</value>
      </symbol>
      <symbol id="sm-10">
         <name>FCTL3</name>
         <value>0x12c</value>
      </symbol>
      <symbol id="sm-11">
         <name>P1IN</name>
         <value>0x20</value>
      </symbol>
      <symbol id="sm-12">
         <name>P1OUT</name>
         <value>0x21</value>
      </symbol>
      <symbol id="sm-13">
         <name>P1DIR</name>
         <value>0x22</value>
      </symbol>
      <symbol id="sm-14">
         <name>P1IFG</name>
         <value>0x23</value>
      </symbol>
      <symbol id="sm-15">
         <name>P1IES</name>
         <value>0x24</value>
      </symbol>
      <symbol id="sm-16">
         <name>P1IE</name>
         <value>0x25</value>
      </symbol>
      <symbol id="sm-17">
         <name>P1SEL</name>
         <value>0x26</value>
      </symbol>
      <symbol id="sm-18">
         <name>P1REN</name>
         <value>0x27</value>
      </symbol>
      <symbol id="sm-19">
         <name>P2IN</name>
         <value>0x28</value>
      </symbol>
      <symbol id="sm-1a">
         <name>P2OUT</name>
         <value>0x29</value>
      </symbol>
      <symbol id="sm-1b">
         <name>P2DIR</name>
         <value>0x2a</value>
      </symbol>
      <symbol id="sm-1c">
         <name>P2IFG</name>
         <value>0x2b</value>
      </symbol>
      <symbol id="sm-1d">
         <name>P2IES</name>
         <value>0x2c</value>
      </symbol>
      <symbol id="sm-1e">
         <name>P2IE</name>
         <value>0x2d</value>
      </symbol>
      <symbol id="sm-1f">
         <name>P2SEL</name>
         <value>0x2e</value>
      </symbol>
      <symbol id="sm-20">
         <name>P2REN</name>
         <value>0x2f</value>
      </symbol>
      <symbol id="sm-21">
         <name>TAIV</name>
         <value>0x12e</value>
      </symbol>
      <symbol id="sm-22">
         <name>TACTL</name>
         <value>0x160</value>
      </symbol>
      <symbol id="sm-23">
         <name>TACCTL0</name>
         <value>0x162</value>
      </symbol>
      <symbol id="sm-24">
         <name>TACCTL1</name>
         <value>0x164</value>
      </symbol>
      <symbol id="sm-25">
         <name>TAR</name>
         <value>0x170</value>
      </symbol>
      <symbol id="sm-26">
         <name>TACCR0</name>
         <value>0x172</value>
      </symbol>
      <symbol id="sm-27">
         <name>TACCR1</name>
         <value>0x174</value>
      </symbol>
      <symbol id="sm-28">
         <name>USICTL0</name>
         <value>0x78</value>
      </symbol>
      <symbol id="sm-29">
         <name>USICTL1</name>
         <value>0x79</value>
      </symbol>
      <symbol id="sm-2a">
         <name>USICKCTL</name>
         <value>0x7a</value>
      </symbol>
      <symbol id="sm-2b">
         <name>USICNT</name>
         <value>0x7b</value>
      </symbol>
      <symbol id="sm-2c">
         <name>USISRL</name>
         <value>0x7c</value>
      </symbol>
      <symbol id="sm-2d">
         <name>USISRH</name>
         <value>0x7d</value>
      </symbol>
      <symbol id="sm-2e">
         <name>USICTL</name>
         <value>0x78</value>
      </symbol>
      <symbol id="sm-2f">
         <name>USICCTL</name>
         <value>0x7a</value>
      </symbol>
      <symbol id="sm-30">
         <name>USISR</name>
         <value>0x7c</value>
      </symbol>
      <symbol id="sm-31">
         <name>WDTCTL</name>
         <value>0x120</value>
      </symbol>
      <symbol id="sm-32">
         <name>CALDCO_1MHZ</name>
         <value>0x10fe</value>
      </symbol>
      <symbol id="sm-33">
         <name>CALBC1_1MHZ</name>
         <value>0x10ff</value>
      </symbol>
      <symbol id="sm-34">
         <name>__STACK_SIZE</name>
         <value>0x32</value>
      </symbol>
      <symbol id="sm-35">
         <name>__STACK_END</name>
         <value>0x27e</value>
      </symbol>
      <symbol id="sm-36">
         <name>__c_args__</name>
         <value>0xffffffff</value>
      </symbol>
      <symbol id="sm-37">
         <name>__TI_pprof_out_hndl</name>
         <value>0xffffffff</value>
      </symbol>
      <symbol id="sm-38">
         <name>__TI_prof_data_start</name>
         <value>0xffffffff</value>
      </symbol>
      <symbol id="sm-39">
         <name>__TI_prof_data_size</name>
         <value>0xffffffff</value>
      </symbol>
      <symbol id="sm-90">
         <name>Motor_IR_Init</name>
         <value>0xf966</value>
         <object_component_ref idref="oc-174"/>
      </symbol>
      <symbol id="sm-91">
         <name>Motor_PWM_Init</name>
         <value>0xf90c</value>
         <object_component_ref idref="oc-1b7"/>
      </symbol>
      <symbol id="sm-92">
         <name>Motor_Set_Deg</name>
         <value>0xf888</value>
         <object_component_ref idref="oc-142"/>
      </symbol>
      <symbol id="sm-93">
         <name>Motor_Start</name>
         <value>0xf970</value>
         <object_component_ref idref="oc-17a"/>
      </symbol>
      <symbol id="sm-b1">
         <name>universal_serial_interface</name>
         <value>0xf800</value>
         <object_component_ref idref="oc-e7"/>
      </symbol>
      <symbol id="sm-b2">
         <name>SPI_init</name>
         <value>0xf934</value>
         <object_component_ref idref="oc-16e"/>
      </symbol>
      <symbol id="sm-b3">
         <name>__TI_int04</name>
         <value>0xffe8</value>
         <object_component_ref idref="oc-3c"/>
      </symbol>
      <symbol id="sm-b4">
         <name>main</name>
         <value>0xf8dc</value>
         <object_component_ref idref="oc-114"/>
      </symbol>
      <symbol id="sm-be">
         <name>_stack</name>
         <value>0x24c</value>
         <object_component_ref idref="oc-b7"/>
      </symbol>
      <symbol id="sm-bf">
         <name>_reset_vector</name>
         <value>0xfffe</value>
         <object_component_ref idref="oc-ba"/>
      </symbol>
      <symbol id="sm-c8">
         <name>_c_int00_noinit_noargs_noexit</name>
         <value>0xf954</value>
         <object_component_ref idref="oc-78"/>
      </symbol>
      <symbol id="sm-d6">
         <name>C$$EXIT</name>
         <value>0xf982</value>
         <object_component_ref idref="oc-11c"/>
      </symbol>
      <symbol id="sm-d7">
         <name>abort</name>
         <value>0xf982</value>
         <object_component_ref idref="oc-11c"/>
      </symbol>
      <symbol id="sm-db">
         <name>__TI_int02</name>
         <value>0xffe4</value>
         <object_component_ref idref="oc-3a"/>
      </symbol>
      <symbol id="sm-de">
         <name>__TI_int03</name>
         <value>0xffe6</value>
         <object_component_ref idref="oc-3b"/>
      </symbol>
      <symbol id="sm-e1">
         <name>__TI_int05</name>
         <value>0xffea</value>
         <object_component_ref idref="oc-3d"/>
      </symbol>
      <symbol id="sm-e4">
         <name>__TI_int08</name>
         <value>0xfff0</value>
         <object_component_ref idref="oc-3e"/>
      </symbol>
      <symbol id="sm-e7">
         <name>__TI_int09</name>
         <value>0xfff2</value>
         <object_component_ref idref="oc-3f"/>
      </symbol>
      <symbol id="sm-ea">
         <name>__TI_int10</name>
         <value>0xfff4</value>
         <object_component_ref idref="oc-40"/>
      </symbol>
      <symbol id="sm-ed">
         <name>__TI_int14</name>
         <value>0xfffc</value>
         <object_component_ref idref="oc-41"/>
      </symbol>
      <symbol id="sm-f5">
         <name>__TI_ISR_TRAP</name>
         <value>0xf97a</value>
         <object_component_ref idref="oc-e2"/>
      </symbol>
      <symbol id="sm-102">
         <name>_system_pre_init</name>
         <value>0xf988</value>
         <object_component_ref idref="oc-f4"/>
      </symbol>
   </symbol_table>
   <title>Link successful</title>
</link_info>
